{"cameraMode":{"drawMode":0,"name":"Shaded","section":"Shading Mode"},"sceneLighting":true,"audioPlay":false,"sceneViewState":{"showFog":true,"showMaterialUpdate":false,"showSkybox":true,"showFlares":true,"showImageEffects":true,"showParticleSystems":true},"in2DMode":false,"pivot":{"x":3.2466671466827394,"y":-0.9560338854789734,"z":-8.19869613647461},"rotation":{"x":-0.20899032056331635,"y":0.6183840036392212,"z":-0.1753494292497635,"w":-0.7370118498802185},"size":8.979581832885743,"orthographic":false}