{"cameraMode":{"drawMode":0,"name":"Shaded","section":"Shading Mode"},"sceneLighting":true,"audioPlay":false,"sceneViewState":{"showFog":true,"showMaterialUpdate":false,"showSkybox":true,"showFlares":true,"showImageEffects":true,"showParticleSystems":true},"in2DMode":false,"pivot":{"x":-3.514303207397461,"y":0.4981989860534668,"z":7.466955661773682},"rotation":{"x":0.26823195815086367,"y":-0.5663250088691711,"z":0.20179857313632966,"w":0.7527398467063904},"size":9.472879409790039,"orthographic":false}