{"cameraMode":{"drawMode":0,"name":"Shaded","section":"Shading Mode"},"sceneLighting":true,"audioPlay":false,"sceneViewState":{"showFog":true,"showMaterialUpdate":false,"showSkybox":true,"showFlares":true,"showImageEffects":true,"showParticleSystems":true},"in2DMode":false,"pivot":{"x":590.634765625,"y":159.05322265625,"z":-321.8655700683594},"rotation":{"x":-0.06236783415079117,"y":0.9336400628089905,"z":-0.2007652223110199,"w":-0.2900356948375702},"size":777.806884765625,"orthographic":false}