{"cameraMode":{"drawMode":0,"name":"Shaded","section":"Shading Mode"},"sceneLighting":true,"audioPlay":false,"sceneViewState":{"showFog":true,"showMaterialUpdate":false,"showSkybox":true,"showFlares":true,"showImageEffects":true,"showParticleSystems":true},"in2DMode":false,"pivot":{"x":-7.7607879638671879,"y":7.1561689376831059,"z":4.117883682250977},"rotation":{"x":-0.32191821932792666,"y":0.42313408851623537,"z":-0.16392917931079865,"w":-0.8309434056282044},"size":11.39372444152832,"orthographic":false}