{"cameraMode":{"drawMode":0,"name":"Shaded","section":"Shading Mode"},"sceneLighting":true,"audioPlay":false,"sceneViewState":{"showFog":true,"showMaterialUpdate":false,"showSkybox":true,"showFlares":true,"showImageEffects":true,"showParticleSystems":true},"in2DMode":false,"pivot":{"x":-1.0468610525131226,"y":-1.5149731636047364,"z":5.096667766571045},"rotation":{"x":-0.36536040902137759,"y":-0.020384127274155618,"z":0.008009172044694424,"w":-0.9306188821792603},"size":6.6074090003967289,"orthographic":false}